{"count":1,"self":2239.6661759999997,"total":13928.312229199999,"children":{"InitializeActuators":{"count":6,"self":0.0015168,"total":0.0015168,"children":null},"InitializeSensors":{"count":6,"self":0.0030166999999999998,"total":0.0030166999999999998,"children":null},"AgentSendState":{"count":1778951,"self":4005.7643008,"total":5452.6835039,"children":{"CollectObservations":{"count":2134746,"self":4.4561416,"total":4.4561415,"children":null},"WriteActionMask":{"count":2134746,"self":1.8499436,"total":1.8499436999999999,"children":null},"RequestDecision":{"count":2134746,"self":8.0423151999999991,"total":1440.6129672,"children":{"AgentInfo.ToProto":{"count":2134746,"self":7.3156799999999995,"total":1432.5706519999999,"children":{"GenerateSensorData":{"count":2134746,"self":42.213968,"total":1425.2549718,"children":{"CameraSensor.GetCompressedObservation":{"count":2134746,"self":1383.0410239999999,"total":1383.0410046,"children":null}}}}}}}}},"DecideAction":{"count":1778951,"self":6194.6576896,"total":6194.6578629,"children":null},"AgentAct":{"count":1778951,"self":39.906287999999996,"total":41.2991781,"children":{"AgentInfo.ToProto":{"count":2130,"self":0.0109602,"total":1.3928897999999998,"children":{"GenerateSensorData":{"count":2130,"self":0.0180757,"total":1.3819295999999999,"children":{"CameraSensor.GetCompressedObservation":{"count":2130,"self":1.3638538999999998,"total":1.3638538999999998,"children":null}}}}}}}},"gauges":{"MichaelVisionTest.CumulativeReward":{"count":2130,"max":24.4603424,"min":-5.52397156,"runningAverage":1.61395729,"value":7.32251835,"weightedAverage":7.168559}},"metadata":{"timer_format_version":"0.1.0","start_time_seconds":"1706025309","unity_version":"2022.3.16f1","command_line_arguments":"D:\\Programs\\Unity\\2022.3.16f1\\Editor\\Unity.exe -projectpath D:\\Downloads\\Workshop\\ml-agents-release_21\\ml-agents-release_21\\Project -useHub -hubIPC -cloudEnvironment production","communication_protocol_version":"1.5.0","com.unity.ml-agents_version":"3.0.0-exp.1","scene_name":"TrainLevel","end_time_seconds":"1706039237"}}