{"count":1,"self":20.745776,"total":29.1445722,"children":{"InitializeActuators":{"count":8,"self":0.0015015999999999999,"total":0.0015015999999999999,"children":null},"InitializeSensors":{"count":8,"self":0.0040225999999999994,"total":0.0040225999999999994,"children":null},"AgentSendState":{"count":1195,"self":2.0977623999999997,"total":2.1198623999999997,"children":{"CollectObservations":{"count":1912,"self":0.003522,"total":0.003522,"children":null},"WriteActionMask":{"count":1912,"self":0.0020058999999999997,"total":0.0020058999999999997,"children":null},"RequestDecision":{"count":1912,"self":0.0165722,"total":0.0165722,"children":null}}},"DecideAction":{"count":1195,"self":0.29371939999999996,"total":6.2080902999999994,"children":{"CameraSensor.WriteToTensor":{"count":1912,"self":5.9143707999999995,"total":5.9143709,"children":null}}},"AgentAct":{"count":1195,"self":0.0653199,"total":0.0653199,"children":null}},"gauges":{},"metadata":{"timer_format_version":"0.1.0","start_time_seconds":"1705198973","unity_version":"2022.3.16f1","command_line_arguments":"D:\\Programs\\Unity\\2022.3.16f1\\Editor\\Unity.exe -projectpath D:\\Downloads\\Workshop\\ml-agents-release_21\\ml-agents-release_21\\Project -useHub -hubIPC -cloudEnvironment production","communication_protocol_version":"1.5.0","com.unity.ml-agents_version":"3.0.0-exp.1","scene_name":"VisualFoodCollector","end_time_seconds":"1705199002"}}